feature,iv,coverage,n_bins,skip,lgb_importance,iv_rank,lgb_rank,combined_rank
市场波动率_120d,0.18137984978516256,1.0,5,False,101,1,1,1.0
市场波动率比值,0.1488181484325728,1.0,5,False,73,2,2,2.0
个股PB,0.11702804779425291,1.0,5,False,55,3,9,6.0
盈利能力_delta_1y,0.080316758699478,1.0,5,False,61,11,5,8.0
市场距离MA250,0.09668606679420474,1.0,5,False,47,4,14,9.0
总分_delta_1y,0.06457043635384141,1.0,5,False,61,16,5,10.5
净利润,0.06069764809856331,1.0,5,False,51,19,12,15.5
净资产增长,0.06889806334656756,1.0,5,False,38,13,25,19.0
行业胜率_120d,0.05957594393963956,1.0,5,False,39,20,22,21.0
数据天数,0.09448112034150791,1.0,5,False,30,5,41,23.0
PB_vs_行业,0.06099824734517434,1.0,5,False,30,18,41,29.5
PB_vs_同行均值,0.07384424349435878,1.0,5,False,28,12,51,31.5
行业年化收益_20d,0.049156207654853616,1.0,5,False,35,31,32,31.5
行业波动率_250d,0.043023583272637375,1.0,5,False,43,48,17,32.5
盈利能力_T-1,0.04630013773298071,1.0,5,False,35,40,32,36.0
行业年化收益_60d,0.04067827703218104,1.0,5,False,55,63,9,36.0
成长能力_T-2,0.06449274187141596,1.0,5,False,26,17,58,37.5
现金利息负债比,0.051808822523475864,1.0,5,False,29,29,46,37.5
行业波动率_120d,0.04509037932009573,1.0,5,False,31,41,38,39.5
研发费用率,0.06684513263915198,1.0,5,False,24,14,65,39.5
价格标准差,0.04133653308500941,1.0,5,False,37,59,28,43.5
现金流动负债比,0.055216576311548686,1.0,5,False,25,26,63,44.5
price_vs_MA250,0.03518342659394227,1.0,5,False,47,80,14,47.0
行业PB_250d增长,0.0355938819569087,1.0,4,False,44,79,16,47.5
同行市值_均值,0.033417943119559534,1.0,5,False,51,84,12,48.0
price_vs_MA20,0.03622500580300913,1.0,5,False,42,78,19,48.5
成长能力_delta_2y,0.0411654279013456,1.0,5,False,30,60,41,50.5
利息资本化率,0.04879030468644616,1.0,5,False,23,33,68,50.5
成长能力_T-1,0.04175160045418701,1.0,5,False,29,57,46,51.5
市场年化收益_120d,0.055968545126728685,1.0,5,False,21,25,80,52.5
同行PE_中位,0.03019211138169824,1.0,5,False,55,96,9,52.5
总资产周转率,0.041785794274765864,1.0,5,False,28,56,51,53.5
price_vs_MA120,0.033812788803451344,1.0,5,False,38,82,25,53.5
营收_CAGR2,0.056337467589769936,1.0,5,False,19,23,91,57.0
总分_T-1,0.04459579788266002,1.0,5,False,22,43,72,57.5
同行市值_中位,0.03102582000417636,1.0,5,False,40,95,20,57.5
毛利率,0.03248458028109297,1.0,5,False,34,86,34,60.0
成长能力_delta_1y,0.05443002037027626,1.0,5,False,18,27,97,62.0
净利率,0.05898817630806488,1.0,5,False,17,22,103,62.5
资产负债率,0.054015881670683316,1.0,5,False,18,28,97,62.5
行业区间收益_60d,0.04058185588391495,1.0,5,False,25,65,63,64.0
MA250,0.031211604661906145,1.0,5,False,31,92,38,65.0
利润增长,0.04692889697383217,1.0,5,False,18,36,97,66.5
流动比率,0.03201381853634405,1.0,5,False,29,87,46,66.5
年化收益_120d,0.029548141683136603,1.0,5,False,32,97,37,67.0
capex_intensity,0.0416119305642311,1.0,5,False,21,58,80,69.0
市场胜率_120d,0.04648273006065536,1.0,5,False,17,39,103,71.0
PB_vs_同行中位,0.06594941669281859,1.0,5,False,13,15,128,71.5
已获利息倍数,0.04272418499059634,1.0,5,False,19,55,91,73.0
行业波动率_60d,0.04277968883758492,1.0,5,False,18,52,97,74.5
存货周转率,0.041139750410203645,1.0,5,False,19,61,91,76.0
营收增长,0.04297939780027292,1.0,5,False,17,49,103,76.0
ROE,0.04294938320292708,1.0,5,False,17,50,103,76.5
MA20,0.03373307422999285,1.0,5,False,22,83,72,77.5
区间收益_60d,0.025128935226900073,1.0,5,False,29,112,46,79.0
年化收益_250d,0.021419640687212516,1.0,5,False,35,126,32,79.0
速动比率,0.059488117488198246,1.0,5,False,12,21,137,79.0
同行PE_均值,0.019128729022323668,1.0,5,False,40,139,20,79.5
锁定价当前价,0.04677939402446945,1.0,5,False,14,38,123,80.5
流动资产周转率,0.0475929425579132,1.0,5,False,13,34,128,81.0
总分_T-4,0.018567690449079507,1.0,5,False,38,143,25,84.0
波动率_60d,0.014666603821342992,1.0,5,False,67,165,3,84.0
净利润_fcf_CAGR2,0.04316241167024221,1.0,4,False,14,46,123,84.5
行业PB,0.018196719336553903,1.0,5,False,38,145,25,85.0
年化收益_60d,0.026743557072731718,1.0,5,False,23,104,68,86.0
行业区间收益_20d,0.049156207654853616,1.0,5,False,11,32,146,89.0
胜率_250d,0.024124242733484173,1.0,5,False,25,115,63,89.0
净利增长,0.03142613733627831,1.0,5,False,19,88,91,89.5
中位价,0.03949565197555933,1.0,5,False,16,70,111,90.5
营收_加速,0.025542154859256018,1.0,5,False,22,110,72,91.0
MA60,0.03891539988381008,1.0,5,False,16,72,111,91.5
波动率_250d,0.011740102297833083,1.0,5,False,56,176,7,91.5
FCF_T3,0.014956050954609551,1.0,5,False,38,162,25,93.5
波动率_20d,0.021317398074018022,1.0,5,False,26,129,58,93.5
营收_T1,0.025829474586101686,1.0,5,False,21,109,80,94.5
FCF_加速,0.021704025590617928,1.0,5,False,24,125,65,95.0
FCF_T1,0.026570367386383964,1.0,5,False,20,106,86,96.0
行业总天数,0.05598571036681582,1.0,5,False,7,24,169,96.5
总分_T-3,0.019641406924398353,1.0,5,False,26,136,58,97.0
MA120,0.039652129259955884,1.0,5,False,13,67,128,97.5
同行PB_中位,0.02842584733885531,1.0,5,False,18,99,97,98.0
营收_3年斜率,0.03951151796239066,1.0,5,False,13,69,128,98.5
行业PE_60d增长,0.015083305749986883,1.0,4,False,33,161,36,98.5
ROA,0.04315631489204983,1.0,5,False,10,47,153,100.0
个股PS,0.042742686089294955,1.0,5,False,11,54,146,100.0
vol_ratio_60_250,0.007313099126836517,1.0,5,False,65,198,4,101.0
MA30,0.039933984689151616,1.0,5,False,12,66,137,101.5
营业利润_T4,0.031051307617407632,1.0,5,False,16,93,111,102.0
FCF年份_T,0.08065750051712281,1.0,4,False,2,8,202,105.0
总分_delta_2y,0.0236260853149565,1.0,5,False,19,119,91,105.0
总资产净利率,0.04697315932554382,1.0,5,False,6,35,177,106.0
年化收益_20d,0.01699348327207101,1.0,5,False,26,154,58,106.0
资本支出_YoY,0.010070639370824934,1.0,5,False,36,183,30,106.5
营收_YoY,0.036409520224285646,1.0,5,False,12,77,137,107.0
区间收益_20d,0.019982993366049154,1.0,5,False,21,134,80,107.0
FCF年份_T1,0.08065750051712281,1.0,4,False,1,10,207,108.5
vol_ratio_20_60,0.013202213485230506,1.0,5,False,29,171,46,108.5
漂移率,0.009127425691109739,1.0,5,False,37,189,28,108.5
FCF年份_T4,0.0825247117774311,1.0,4,False,0,6,212,109.0
PE_vs_同行均值,0.012774517207727473,1.0,5,False,29,173,46,109.5
行业PE_250d增长,0.04463258657019564,1.0,4,False,6,42,177,109.5
FCF年份_T3,0.08158093656769394,1.0,4,False,0,7,212,109.5
产权比率,0.04941030447224159,1.0,5,False,4,30,190,110.0
FCF_YoY,0.006731619110885822,1.0,5,False,43,203,17,110.0
当前价,0.04433868593720136,1.0,5,False,6,44,177,110.5
FCF年份_T2,0.08065750051712281,1.0,4,False,0,9,212,110.5
总分_T,0.003204359774431191,1.0,5,False,51,210,12,111.0
FCF_T2,0.01868878382195458,1.0,5,False,21,142,80,111.0
资本支出_T3,0.018152390411679393,1.0,5,False,21,146,80,113.0
总营收增长,0.04090093371133567,1.0,5,False,8,62,164,113.0
盈利能力_delta_2y,0.03474490315101429,1.0,5,False,11,81,146,113.5
capex_to_dep,0.013426720405781887,1.0,5,False,26,169,58,113.5
均价_all,0.04682546259979056,1.0,5,False,4,37,190,113.5
营业利润_T3,0.03134797813802293,1.0,5,False,12,90,137,113.5
行业年化收益_120d,0.01956055197260472,1.0,5,False,19,137,91,114.0
总分_T-2,0.01768181206644886,1.0,5,False,21,149,80,114.5
ROE增长,0.03651263281716084,1.0,5,False,10,76,153,114.5
FCF_3年斜率,0.03263509423176466,1.0,5,False,11,85,146,115.5
盈利能力_斜率,0.026190922818410255,1.0,5,False,14,108,123,115.5
FCF_T,0.023499419489855126,1.0,5,False,16,121,111,116.0
price_vs_MA60,0.023230382113635664,1.0,5,False,16,122,111,116.5
成长能力_delta_4y,0.009159305849856508,1.0,5,False,29,188,46,117.0
行业PB_60d增长,0.028493570601285392,1.0,4,False,12,98,137,117.5
营收增长2,0.04342122961090924,1.0,5,False,4,45,190,117.5
营收_T,0.009506038733480538,1.0,5,False,28,186,51,118.5
行业PB_120d增长,0.01996075754149152,1.0,4,False,17,135,103,119.0
个股PE,0.010436041811172426,1.0,5,False,26,181,58,119.5
净利润_fcf_YoY,0.027199165452158218,1.0,5,False,12,103,137,120.0
行业波动率_20d,0.010393711880390758,1.0,5,False,26,182,58,120.0
折旧_T,0.011968183097962702,1.0,5,False,23,175,68,121.5
同行PB_均值,0.014952436387343391,1.0,5,False,21,163,80,121.5
NOPAT_YoY,0.026388023251696334,1.0,5,False,12,107,137,122.0
资本支出_CAGR2,0.016053964468079822,1.0,5,False,20,158,86,122.0
行业胜率_60d,0.03958774152695935,1.0,5,False,6,68,177,122.5
PE_vs_行业,0.0030202269973112032,1.0,5,False,34,211,34,122.5
FCF_conversion,0.007970409190127358,1.0,5,False,28,195,51,123.0
区间收益_120d,0.025311195291654473,1.0,5,False,12,111,137,124.0
盈利能力_T-3,0.01137502790116051,1.0,5,False,22,177,72,124.5
行业波动率_总,0.04277968883758492,1.0,5,False,3,53,196,124.5
NOPAT_CAGR2,0.03762528170965701,1.0,4,False,6,74,177,125.5
净利润_fcf_T,0.036987730139360964,1.0,5,False,6,75,177,126.0
ROE摊薄,0.04294938320292708,1.0,5,False,2,51,202,126.5
盈利能力_T-4,0.02357195048293261,1.0,5,False,12,120,137,128.5
扣非净利增长,0.03142613733627831,1.0,5,False,7,89,169,129.0
应收账款周转率,0.027767057552013977,1.0,5,False,9,100,159,129.5
总分_delta_4y,0.014682486062627646,1.0,5,False,18,164,97,130.5
行业MA250,0.018761292912698267,1.0,5,False,14,141,123,132.0
同行PS_中位,0.00983686666796415,1.0,5,False,21,185,80,132.5
行业漂移率,0.04067827703218104,1.0,5,False,2,64,202,133.0
盈利能力_T,0.0018353049511056342,1.0,5,False,27,212,54,133.0
总分_斜率,0.024715503783421813,1.0,5,False,10,113,153,133.0
净利润_fcf_T1,0.017551376297774812,1.0,5,False,15,150,118,134.0
成长能力_T,0.008002769587854664,1.0,5,False,21,194,80,137.0
营业利润_T,0.02379051930663178,1.0,5,False,9,116,159,137.5
return_acceleration,0.00571228501412455,1.0,5,False,22,205,72,138.5
资本支出_T4,0.016053964468079822,1.0,5,False,15,159,118,138.5
胜率_20d,0.021957620022633115,1.0,5,False,10,124,153,138.5
净利润_fcf_T3,0.023766553673266713,1.0,5,False,9,118,159,138.5
NOPAT_3年斜率,0.03913262343175334,1.0,5,False,1,71,207,139.0
同行PE_标准差,0.013641135319667683,1.0,5,False,16,168,111,139.5
行业年化收益_250d,0.017354844750708823,1.0,5,False,13,153,128,140.5
同行公司数,0.003579821447328516,1.0,5,False,22,209,72,140.5
成长能力_斜率,0.01130360547247877,1.0,5,False,17,178,103,140.5
行业MA120,0.021173873321717777,1.0,5,False,10,130,153,141.5
营业利润_CAGR2,0.03762528170965701,1.0,4,False,0,73,212,142.5
NOPAT_margin,0.02311362204319173,1.0,5,False,8,123,164,143.5
NOPAT_T3,0.03134797813802293,1.0,5,False,3,91,196,143.5
FCF_margin,0.026631810549743777,1.0,5,False,5,105,184,144.5
NOPAT_T4,0.031051307617407632,1.0,5,False,3,94,196,145.0
盈利能力_delta_4y,0.010874600111880534,1.0,5,False,16,180,111,145.5
营业利润_T2,0.0273211266230311,1.0,5,False,4,102,190,146.0
行业胜率_20d,0.02132730446187193,1.0,5,False,8,128,164,146.0
NOPAT_加速,0.019119450822864908,1.0,5,False,10,140,153,146.5
成长能力_T-4,0.017497691257704687,1.0,5,False,11,151,146,148.5
行业MA20,0.020067364676069795,1.0,5,False,8,133,164,148.5
折旧_T4,0.008736091107687948,1.0,5,False,16,191,111,151.0
区间收益_250d,0.021419640687212516,1.0,5,False,6,127,177,152.0
胜率_60d,0.0011214100230318076,1.0,5,False,19,214,91,152.5
净利润_fcf_T2,0.0177686276251411,1.0,5,False,9,147,159,153.0
PE_vs_同行中位,0.009859696867816365,1.0,5,False,14,184,123,153.5
FCF_T4,0.007733528313731725,1.0,5,False,16,196,111,153.5
资本支出_T2,0.009052252578545264,1.0,5,False,15,190,118,154.0
NOPAT_T2,0.0273211266230311,1.0,5,False,1,101,207,154.0
折旧_T2,0.01826409958845025,1.0,5,False,8,144,164,154.0
行业MA60,0.020716145177129774,1.0,5,False,5,131,184,157.5
营业利润_加速,0.020510204293420323,1.0,5,False,5,132,184,158.0
资本支出_加速,0.004692480299141269,1.0,5,False,16,207,111,159.0
NOPAT_T,0.02379051930663178,1.0,5,False,2,117,202,159.5
营业利润_YoY,0.024343562076975803,1.0,5,False,1,114,207,160.5
行业区间收益_250d,0.017354844750708823,1.0,5,False,7,152,169,160.5
营收_T2,0.013214504063997257,1.0,5,False,10,170,153,161.5
资本支出_T1,0.009347741192840575,1.0,5,False,12,187,137,162.0
净利润_fcf_T4,0.01662887764888852,1.0,5,False,7,156,169,162.5
行业PE,0.01771924094293277,1.0,5,False,6,148,177,162.5
胜率_120d,0.0036357677883681375,1.0,5,False,15,208,118,163.0
营收_T3,0.016568971202462687,1.0,5,False,7,157,169,163.0
波动率_120d,0.005951586388490222,1.0,5,False,13,204,128,166.0
行业胜率_250d,0.00714895776592833,1.0,5,False,12,200,137,168.5
PS_vs_同行均值,0.008110696172739372,1.0,5,False,11,193,146,169.5
行业区间收益_120d,0.01956055197260472,1.0,5,False,2,138,202,170.0
成长能力_T-3,0.00745321303452127,1.0,5,False,11,197,146,171.5
行业PE_120d增长,0.012781257090313223,1.0,4,False,6,172,177,174.5
波动率,0.01604543749785156,1.0,5,False,4,160,190,175.0
折旧_T1,0.016800143647990845,1.0,5,False,3,155,196,175.5
营收_T4,0.01262019703171858,1.0,5,False,5,174,184,179.0
盈利能力_T-2,0.007297788307830828,1.0,5,False,9,199,159,179.0
营业利润_T1,0.014398874966027472,1.0,5,False,3,167,196,181.5
资本支出_T,0.011169936820284778,1.0,5,False,5,179,184,181.5
同行PS_均值,0.006800281554095874,1.0,5,False,7,202,169,185.5
折旧_T3,0.008182288394392145,1.0,5,False,5,192,184,188.0
NOPAT_T1,0.014398874966027472,1.0,5,False,0,166,212,189.0
溢价率上限,0.007101048103259885,1.0,4,False,3,201,196,198.5
净利润_fcf_加速,0.004982384509325956,1.0,5,False,3,206,196,201.0
FCF_CAGR2,0.0016215231704398414,1.0,4,False,2,213,202,207.5
