feature,空值率%,inf率%,非空率%,importance,iv
FCF_CAGR2,48.7,0.0,51.3,2,0.0016215231704398
行业PE_250d增长,44.5,0.0,55.5,10,0.0446325865701956
行业PB_250d增长,44.5,0.0,55.5,45,0.0355938819569087
行业PB_120d增长,37.0,0.0,63.0,16,0.0199607575414915
行业PE_120d增长,37.0,0.0,63.0,12,0.0127812570903132
行业PE_60d增长,33.9,0.0,66.1,35,0.0150833057499868
行业PB_60d增长,33.9,0.0,66.1,11,0.0284935706012853
NOPAT_CAGR2,29.4,0.0,70.6,4,0.037625281709657
营业利润_CAGR2,29.4,0.0,70.6,1,0.037625281709657
净利润_fcf_CAGR2,28.4,0.0,71.6,15,0.0431624116702422
利息资本化率,19.6,0.0,80.4,26,0.0487903046864461
资产负债率,19.6,0.0,80.4,16,0.0540158816706833
总资产净利率,19.6,0.0,80.4,3,0.0469731593255438
ROA,19.6,0.0,80.4,8,0.0431563148920498
ROE摊薄,19.6,0.0,80.4,2,0.042949383202927
ROE,19.6,0.0,80.4,17,0.042949383202927
总资产周转率,19.6,0.0,80.4,28,0.0417857942747658
流动资产周转率,19.6,0.0,80.4,19,0.0475929425579132
毛利率,19.6,0.0,80.4,27,0.0324845802810929
净利率,19.6,0.0,80.4,20,0.0589881763080648
现金利息负债比,19.6,0.0,80.4,21,0.0518088225234758
现金流动负债比,19.6,0.0,80.4,25,0.0552165763115486
净资产增长,19.6,0.0,80.4,42,0.0688980633465675
ROE增长,19.6,0.0,80.4,12,0.0365126328171608
流动比率,19.6,0.0,80.4,33,0.032013818536344
速动比率,19.6,0.0,80.4,14,0.0594881174881982
存货周转率,19.6,0.0,80.4,13,0.0411397504102036
应收账款周转率,19.6,0.0,80.4,14,0.0277670575520139
产权比率,19.6,0.0,80.4,4,0.0494103044722415
已获利息倍数,19.6,0.0,80.4,13,0.0427241849905963
研发费用率,19.6,0.0,80.4,29,0.0668451326391519
营收增长,19.6,0.0,80.4,14,0.0429793978002729
总营收增长,19.6,0.0,80.4,8,0.0409009337113356
营收增长2,19.6,0.0,80.4,6,0.0434212296109092
利润增长,19.6,0.0,80.4,19,0.0469288969738321
净利增长,19.6,0.0,80.4,17,0.0314261373362783
扣非净利增长,19.6,0.0,80.4,8,0.0314261373362783
溢价率上限,17.7,0.0,82.3,9,0.0071010481032598
邀请日,17.5,0.0,82.5,5,
报价日_md,17.5,0.0,82.5,45,
中位价,17.5,0.0,82.5,20,0.0394956519755593
价格标准差,17.5,0.0,82.5,39,0.0413365330850094
MA30,17.5,0.0,82.5,22,0.0399339846891516
均价_all,17.5,0.0,82.5,8,0.0468254625997905
资本支出_T4,15.2,0.0,84.8,16,0.0160539644680798
FCF_T4,15.2,0.0,84.8,12,0.0077335283137317
折旧_T4,15.2,0.0,84.8,12,0.0087360911076879
净利润_fcf_T4,15.2,0.0,84.8,16,0.0166288776488885
NOPAT_T4,15.2,0.0,84.8,0,0.0310513076174076
营收_T4,15.2,0.0,84.8,5,0.0126201970317185
营业利润_T4,15.2,0.0,84.8,15,0.0310513076174076
FCF年份_T4,15.2,0.0,84.8,0,0.0825247117774311
折旧_T3,15.0,0.0,85.0,9,0.0081822883943921
FCF_T3,14.9,0.0,85.1,48,0.0149560509546095
NOPAT_T3,14.9,0.0,85.1,3,0.0313479781380229
资本支出_T3,14.9,0.0,85.1,24,0.0181523904116793
净利润_fcf_T3,14.9,0.0,85.1,10,0.0237665536732667
营收_T3,14.9,0.0,85.1,6,0.0165689712024626
FCF年份_T3,14.9,0.0,85.1,0,0.0815809365676939
营业利润_T3,14.9,0.0,85.1,7,0.0313479781380229
资本支出_加速,14.7,0.0,85.3,10,0.0046924802991412
资本支出_CAGR2,14.7,0.0,85.3,18,0.0160539644680798
营收_YoY,14.7,0.0,85.3,16,0.0364095202242856
营收_加速,14.7,0.0,85.3,31,0.025542154859256
capex_to_dep,14.6,0.0,85.4,22,0.0134267204057818
资本支出_YoY,14.6,0.0,85.4,34,0.0100706393708249
折旧_T,14.6,0.0,85.4,17,0.0119681830979627
NOPAT_T1,14.5,0.0,85.5,0,0.0143988749660274
FCF_T2,14.5,0.0,85.5,13,0.0186887838219545
FCF年份_T2,14.5,0.0,85.5,1,0.0806575005171228
净利润_fcf_T2,14.5,0.0,85.5,6,0.0177686276251411
FCF年份_T1,14.5,0.0,85.5,0,0.0806575005171228
营收_T2,14.5,0.0,85.5,10,0.0132145040639972
营业利润_T2,14.5,0.0,85.5,7,0.0273211266230311
NOPAT_T2,14.5,0.0,85.5,1,0.0273211266230311
营业利润_加速,14.5,0.0,85.5,2,0.0205102042934203
FCF_加速,14.5,0.0,85.5,25,0.0217040255906179
净利润_fcf_T1,14.5,0.0,85.5,5,0.0175513762977748
营业利润_T1,14.5,0.0,85.5,9,0.0143988749660274
营收_T1,14.5,0.0,85.5,24,0.0258294745861016
折旧_T2,14.5,0.0,85.5,7,0.0182640995884502
资本支出_T2,14.5,0.0,85.5,12,0.0090522525785452
资本支出_T1,14.5,0.0,85.5,9,0.0093477411928405
折旧_T1,14.5,0.0,85.5,5,0.0168001436479908
营收_T,14.5,0.0,85.5,32,0.0095060387334805
营业利润_T,14.5,0.0,85.5,5,0.0237905193066317
FCF_T,14.5,0.0,85.5,14,0.0234994194898551
FCF年份_T,14.5,0.0,85.5,3,0.0806575005171228
资本支出_T,14.5,0.0,85.5,6,0.0111699368202847
FCF_T1,14.5,0.0,85.5,27,0.0265703673863839
净利润_fcf_T,14.5,0.0,85.5,10,0.0369877301393609
NOPAT_T,14.5,0.0,85.5,1,0.0237905193066317
FCF_3年斜率,14.5,0.0,85.5,9,0.0326350942317646
净利润_fcf_YoY,14.5,0.0,85.5,10,0.0271991654521582
FCF_YoY,14.5,0.0,85.5,35,0.0067316191108858
营收_CAGR2,14.5,0.0,85.5,14,0.0563374675897699
NOPAT_YoY,14.5,0.0,85.5,11,0.0263880232516963
NOPAT_加速,14.5,0.0,85.5,14,0.0191194508228649
营业利润_YoY,14.5,0.0,85.5,1,0.0243435620769758
净利润_fcf_加速,14.5,0.0,85.5,3,0.0049823845093259
capex_intensity,14.5,0.0,85.5,30,0.0416119305642311
营收_3年斜率,14.5,0.0,85.5,9,0.0395115179623906
NOPAT_3年斜率,14.5,0.0,85.5,5,0.0391326234317533
FCF_conversion,14.5,0.0,85.5,45,0.0079704091901273
FCF_margin,14.5,0.0,85.5,5,0.0266318105497437
NOPAT_margin,14.5,0.0,85.5,17,0.0231136220431917
盈利能力_斜率,10.0,0.0,90.0,20,0.0261909228184102
总分_斜率,10.0,0.0,90.0,7,0.0247155037834218
成长能力_斜率,10.0,0.0,90.0,23,0.0113036054724787
区间收益_250d,9.7,0.0,90.3,5,0.0214196406872125
年化收益_250d,9.7,0.0,90.3,30,0.0214196406872125
波动率_250d,9.7,0.0,90.3,59,0.011740102297833
vol_ratio_60_250,9.7,0.0,90.3,65,0.0073130991268365
盈利能力_delta_4y,9.3,0.0,90.7,26,0.0108746001118805
成长能力_delta_4y,9.3,0.0,90.7,15,0.0091593058498565
price_vs_MA250,9.3,0.0,90.7,51,0.0351834265939422
MA250,9.3,0.0,90.7,33,0.0312116046619061
胜率_250d,9.3,0.0,90.7,14,0.0241242427334841
总分_delta_4y,9.3,0.0,90.7,14,0.0146824860626276
盈利能力_delta_2y,8.6,0.0,91.4,9,0.0347449031510142
成长能力_delta_2y,8.6,0.0,91.4,32,0.0411654279013456
总分_delta_2y,8.6,0.0,91.4,22,0.0236260853149565
盈利能力_delta_1y,8.5,0.0,91.5,58,0.080316758699478
总分_delta_1y,8.5,0.0,91.5,44,0.0645704363538414
成长能力_T-4,8.5,0.0,91.5,20,0.0174976912577046
成长能力_delta_1y,8.5,0.0,91.5,20,0.0544300203702762
总分_T-4,8.5,0.0,91.5,40,0.0185676904490795
盈利能力_T-4,8.5,0.0,91.5,14,0.0235719504829326
盈利能力_T,8.5,0.0,91.5,31,0.0018353049511056
成长能力_T,8.5,0.0,91.5,14,0.0080027695878546
总分_T,8.5,0.0,91.5,43,0.0032043597744311
总分_T-1,8.3,0.0,91.7,19,0.04459579788266
成长能力_T-1,8.3,0.0,91.7,27,0.041751600454187
盈利能力_T-1,8.3,0.0,91.7,35,0.0463001377329807
成长能力_T-3,8.2,0.0,91.8,10,0.0074532130345212
盈利能力_T-3,8.2,0.0,91.8,18,0.0113750279011605
总分_T-3,8.2,0.0,91.8,33,0.0196414069243983
盈利能力_T-2,8.0,0.0,92.0,6,0.0072977883078308
总分_T-2,8.0,0.0,92.0,20,0.0176818120664488
成长能力_T-2,8.0,0.0,92.0,20,0.0644927418714159
PE_vs_同行均值,2.0,0.0,98.0,21,0.0127745172077274
PE_vs_同行中位,2.0,0.0,98.0,21,0.0098596968678163
同行PE_中位,1.6,0.0,98.4,49,0.0301921113816982
同行PE_标准差,1.6,0.0,98.4,13,0.0136411353196676
同行PE_均值,1.6,0.0,98.4,38,0.0191287290223236
PS_vs_同行均值,1.5,0.0,98.5,6,0.0081106961727393
PB_vs_同行中位,1.5,0.0,98.5,21,0.0659494166928185
PE_vs_行业,1.5,0.0,98.5,21,0.0030202269973112
PB_vs_同行均值,1.5,0.0,98.5,42,0.0738442434943587
个股PE,1.5,0.0,98.5,17,0.0104360418111724
同行PS_中位,1.3,0.0,98.7,27,0.0098368666679641
同行公司数,1.3,0.0,98.7,17,0.0035798214473285
同行PB_均值,1.3,0.0,98.7,20,0.0149524363873433
同行PS_均值,1.3,0.0,98.7,8,0.0068002815540958
同行PB_中位,1.3,0.0,98.7,11,0.0284258473388553
同行市值_均值,1.3,0.0,98.7,56,0.0334179431195595
同行市值_中位,1.3,0.0,98.7,33,0.0310258200041763
个股PS,1.1,0.0,98.9,21,0.0427426860892949
PB_vs_行业,1.1,0.0,98.9,33,0.0609982473451743
个股PB,1.1,0.0,98.9,50,0.1170280477942529
行业PB,1.0,0.0,99.0,49,0.0181967193365539
行业PE,1.0,0.0,99.0,18,0.0177192409429327
行业年化收益_120d,0.9,0.0,99.1,25,0.0195605519726047
行业总天数,0.9,0.0,99.1,12,0.0559857103668158
行业年化收益_250d,0.9,0.0,99.1,24,0.0173548447507088
行业区间收益_250d,0.9,0.0,99.1,9,0.0173548447507088
行业MA250,0.9,0.0,99.1,15,0.0187612929126982
行业年化收益_20d,0.9,0.0,99.1,35,0.0491562076548536
行业波动率_60d,0.9,0.0,99.1,22,0.0427796888375849
行业区间收益_120d,0.9,0.0,99.1,7,0.0195605519726047
行业胜率_120d,0.9,0.0,99.1,42,0.0595759439396395
行业波动率_20d,0.9,0.0,99.1,25,0.0103937118803907
行业漂移率,0.9,0.0,99.1,2,0.040678277032181
行业胜率_60d,0.9,0.0,99.1,7,0.0395877415269593
行业MA20,0.9,0.0,99.1,11,0.0200673646760697
行业年化收益_60d,0.9,0.0,99.1,51,0.040678277032181
行业MA60,0.9,0.0,99.1,1,0.0207161451771297
行业波动率_总,0.9,0.0,99.1,5,0.0427796888375849
行业胜率_250d,0.9,0.0,99.1,7,0.0071489577659283
行业波动率_120d,0.9,0.0,99.1,31,0.0450903793200957
行业胜率_20d,0.9,0.0,99.1,11,0.0213273044618719
行业级别,0.9,0.0,99.1,14,0.0191843352365603
行业区间收益_20d,0.9,0.0,99.1,10,0.0491562076548536
行业波动率_250d,0.9,0.0,99.1,39,0.0430235832726373
行业区间收益_60d,0.9,0.0,99.1,29,0.0405818558839149
行业MA120,0.9,0.0,99.1,13,0.0211738733217177
锁定价当前价,0.7,0.0,99.3,14,0.0467793940244694
报价日MA20,0.7,0.0,99.3,14,
胜率_20d,0.4,0.0,99.6,9,0.0219576200226331
胜率_60d,0.4,0.0,99.6,17,0.0011214100230318
MA20,0.4,0.0,99.6,23,0.0337330742299928
MA120,0.4,0.0,99.6,17,0.0396521292599558
当前价,0.4,0.0,99.6,8,0.0443386859372013
年化收益_120d,0.4,0.0,99.6,36,0.0295481416831366
波动率_120d,0.4,0.0,99.6,18,0.0059515863884902
MA60,0.4,0.0,99.6,11,0.03891539988381
区间收益_120d,0.4,0.0,99.6,13,0.0253111952916544
数据天数,0.4,0.0,99.6,27,0.0944811203415079
漂移率,0.4,0.0,99.6,32,0.0091274256911097
波动率,0.4,0.0,99.6,16,0.0160454374978515
年化收益_60d,0.4,0.0,99.6,19,0.0267435570727317
波动率_60d,0.4,0.0,99.6,64,0.0146666038213429
区间收益_60d,0.4,0.0,99.6,26,0.0251289352269
胜率_120d,0.4,0.0,99.6,21,0.0036357677883681
price_vs_MA60,0.4,0.0,99.6,13,0.0232303821136356
波动率_20d,0.4,0.0,99.6,24,0.021317398074018
年化收益_20d,0.4,0.0,99.6,31,0.016993483272071
区间收益_20d,0.4,0.0,99.6,28,0.0199829933660491
报价日价格,0.4,0.0,99.6,26,
return_acceleration,0.4,0.0,99.6,19,0.0057122850141245
vol_ratio_20_60,0.4,0.0,99.6,29,0.0132022134852305
price_vs_MA120,0.4,0.0,99.6,43,0.0338127888034513
price_vs_MA20,0.4,0.0,99.6,53,0.0362250058030091
净利润,0.2,0.0,99.8,40,
报价日,0.1,0.0,99.9,181,
市场波动率_120d,0.1,0.0,99.9,115,0.1813798497851625
市场年化收益_120d,0.1,0.0,99.9,18,0.0559685451267286
市场胜率_120d,0.1,0.0,99.9,27,0.0464827300606553
市场距离MA250,0.1,0.0,99.9,41,0.0966860667942047
市场波动率比值,0.1,0.0,99.9,68,0.1488181484325728
