rank,feature,importance,importance_pct,cum_pct,IV,IV_label,corr,coverage,is_derived
1,市场波动率_120d,107,2.852572647294055,2.852572647294055,0.1080360386116537,中等,0.13649215655894525,99.59546925566343,🆕
2,报价日_excel,102,2.719274860037323,5.571847507331379,0.2069889079780997,中等,-0.05009112493438768,99.91909385113269,
3,市场波动率比值,88,2.346041055718475,7.9178885630498534,0.1851421924902186,中等,0.027452302326634002,99.59546925566343,🆕
4,波动率_60d,71,1.8928285790455877,9.810717142095442,0.0537308398483282,弱,-0.08904901333023349,99.67637540453075,
5,报价日_md,70,1.8661690215942415,11.676886163689684,0.12349081054956262,中等,-0.04352040635592158,91.8284789644013,
6,price_vs_MA20,68,1.8128499066915489,13.489736070381232,0.04005813530728307,弱,-0.08859363510115076,99.67637540453075,🆕
7,行业胜率_120d,58,1.5462543321780857,15.035990402559317,0.08305822781255331,弱,0.08262501239059677,99.02912621359224,
8,行业年化收益_60d,56,1.4929352172753934,16.52892561983471,0.06787963681249348,弱,0.09482479680257958,99.02912621359224,
9,盈利能力_delta_1y,52,1.3862969874700082,17.915222607304717,0.097571578267823,弱,0.1299237534408712,96.35922330097088,🆕
10,同行市值_均值,51,1.3596374300186616,19.27486003732338,0.09423657946789422,弱,0.05752154317496936,98.54368932038835,
11,同行PE_中位,48,1.2796587576646228,20.554518794988002,0.047086944445610845,弱,-0.015418357682864207,98.2200647249191,
12,波动率_250d,46,1.2263396427619302,21.780858437749934,0.06533966613862473,弱,-0.10284969077511616,94.90291262135922,
13,盈利能力_T,43,1.1463609704078912,22.927219408157825,0.03673078796921719,弱,0.05831318894229598,96.35922330097088,
14,总分_delta_1y,42,1.1197014129565448,24.04692082111437,0.09417892710456713,弱,0.1347080739602016,96.35922330097088,🆕
15,行业年化收益_20d,42,1.1197014129565448,25.166622234070914,0.0902534239527734,弱,0.10866280523403904,99.02912621359224,
16,price_vs_MA250,42,1.1197014129565448,26.28632364702746,0.0906068144196,弱,-0.0813356896795582,95.55016181229773,🆕
17,price_vs_MA120,41,1.0930418555051986,27.379365502532657,0.043951861101268724,弱,-0.08161279805205698,99.67637540453075,🆕
18,个股PS,41,1.0930418555051986,28.472407358037856,0.04920511579606782,弱,-0.03788560515355449,99.02912621359224,
19,总分_T-4,40,1.0663822980538524,29.53878965609171,0.03877656495807118,弱,0.03623378358286318,96.27831715210357,
20,个股PB,40,1.0663822980538524,30.60517195414556,0.1626836420122739,中等,-0.08319405562088197,98.86731391585761,
21,FCF_T3,39,1.039722740602506,31.644894694748068,0.023910856079230904,弱,0.004419309782018421,85.43689320388349,
22,同行PS_中位,38,1.0130631831511596,32.65795787789923,0.07502567215870107,弱,-0.034631847459517126,98.54368932038835,
23,行业波动率_250d,38,1.0130631831511596,33.67102106105039,0.09402175371282566,弱,0.054786413175188106,99.02912621359224,
24,成长能力_delta_1y,37,0.9864036256998134,34.657424686750204,0.0686462626781049,弱,0.09771894038770115,96.35922330097088,🆕
25,capex_intensity,37,0.9864036256998134,35.64382831245002,0.086814134034978,弱,0.0015660201272742202,85.51779935275081,🆕
26,FCF_T1,36,0.959744068248467,36.60357238069849,0.03848844342891367,弱,0.017594539869906646,85.51779935275081,
27,同行公司数,34,0.9064249533457744,37.509997334044265,0.055831285749687466,弱,-0.0752209961336164,98.54368932038835,
28,市场距离MA250,34,0.9064249533457744,38.41642228739004,0.070297129267282,弱,0.02870651203117882,99.59546925566343,🆕
29,报价日,32,0.8531058384430819,39.269528125833126,0.20775002528567882,中等,-0.04873033158689674,99.59546925566343,
30,成长能力_delta_2y,31,0.8264462809917356,40.095974406824865,0.047632644644577636,弱,0.09092799685818967,96.35922330097088,🆕
31,行业PE,30,0.7997867235403893,40.89576113036525,0.030257395245052915,弱,-0.006158195350063272,99.02912621359224,
32,资本支出_T4,29,0.7731271660890429,41.66888829645429,0.020475470279586672,弱,-0.03447703118405466,85.19417475728154,
33,MA120,29,0.7731271660890429,42.44201546254333,0.14033747144546188,中等,-0.09825103778223834,99.67637540453075,
34,区间收益_60d,28,0.7464676086376967,43.188483071181025,0.038230111562045865,弱,-0.07368171373614063,99.67637540453075,
35,净利润_x,28,0.7464676086376967,43.93495067981872,0.04702496025870034,弱,0.023786981100511993,99.67637540453075,
36,价格标准差,27,0.7198080511863503,44.65475873100507,0.14027765570572687,中等,-0.08373477041068209,91.8284789644013,
37,capex_to_dep,27,0.7198080511863503,45.374566782191415,0.08337089159241923,弱,-0.05400085016777083,85.43689320388349,🆕
38,市场胜率_120d,27,0.7198080511863503,46.09437483337776,0.08286159850997166,弱,0.027521952783298373,99.59546925566343,🆕
39,行业波动率_60d,27,0.7198080511863503,46.81418288456411,0.050838837976022365,弱,0.03800267493902253,99.02912621359224,
40,营收_T1,27,0.7198080511863503,47.53399093575046,0.028628102332931032,弱,-0.02131995083351031,85.51779935275081,
41,vol_ratio_60_250,27,0.7198080511863503,48.25379898693681,0.007762846506879174,极弱,-0.005094182362469916,94.90291262135922,🆕
42,PE_vs_行业,27,0.7198080511863503,48.973607038123156,0.01614035743190658,极弱,-0.028995828605503475,98.62459546925567,🆕
43,行业年化收益_120d,27,0.7198080511863503,49.693415089309504,0.03210781894425241,弱,0.05360537128029291,99.02912621359224,
44,营收_YoY,27,0.7198080511863503,50.41322314049585,0.05077386352367938,弱,0.0338475328018287,85.43689320388349,🆕
45,数据天数,27,0.7198080511863503,51.1330311916822,0.07600148758484448,弱,-0.05151537898639703,99.67637540453075,
46,年化收益_20d,26,0.6931484937350041,51.8261796854172,0.05602554831991188,弱,0.0231993213391348,99.67637540453075,
47,return_acceleration,26,0.6931484937350041,52.519328179152204,0.00991673578699153,极弱,-0.025881196628818395,99.67637540453075,🆕
48,同行市值_中位,25,0.6664889362836577,53.18581711543586,0.05806450608883246,弱,0.04593040804238915,98.54368932038835,
49,PE_vs_同行均值,25,0.6664889362836577,53.852306051719516,0.03799489796572584,弱,-0.03623140914213162,97.89644012944983,🆕
50,NOPAT_CAGR2,24,0.6398293788323114,54.492135430551826,0.07672109328041375,弱,-0.08581329935127135,71.03559870550163,🆕
51,同行PS_均值,24,0.6398293788323114,55.13196480938414,0.049030047104073965,弱,0.005682881724365808,98.54368932038835,
52,成长能力_T-2,24,0.6398293788323114,55.77179418821645,0.037117072136334056,弱,-0.06759483666636759,96.35922330097088,
53,年化收益_120d,24,0.6398293788323114,56.41162356704876,0.07075471139874563,弱,-0.07594747757861536,99.67637540453075,
54,PB_vs_同行均值,24,0.6398293788323114,57.05145294588107,0.12091570766465107,中等,-0.04618969708450078,98.38187702265373,🆕
55,行业PB,23,0.6131698213809651,57.66462276726203,0.1033287782037318,中等,-0.05576909129140814,99.02912621359224,
56,成长能力_T-1,23,0.6131698213809651,58.277792588642995,0.034776703301176035,弱,-0.06996634926798481,96.35922330097088,
57,盈利能力_T-3,23,0.6131698213809651,58.89096241002396,0.020674140678554203,弱,0.04371066363380238,96.35922330097088,
58,营收_3年斜率,23,0.6131698213809651,59.504132231404924,0.05795678793836541,弱,0.03345839984291743,85.51779935275081,
59,FCF_加速,23,0.6131698213809651,60.11730205278589,0.06399377659940635,弱,-0.024061817302684373,85.51779935275081,🆕
60,总分_T-2,23,0.6131698213809651,60.73047187416685,0.026724359185883804,弱,-0.03531195939228154,96.35922330097088,
61,盈利能力_delta_2y,22,0.5865102639296188,61.31698213809647,0.023349831900656495,弱,0.05221102147772584,96.35922330097088,🆕
62,年化收益_250d,22,0.5865102639296188,61.90349240202609,0.04031385252816886,弱,-0.07606868324278719,94.90291262135922,
63,price_vs_MA60,22,0.5865102639296188,62.49000266595571,0.030302671701138362,弱,-0.07769318829930374,99.67637540453075,🆕
64,FCF_T2,22,0.5865102639296188,63.076512929885325,0.053587931762644224,弱,0.006926831764986622,85.51779935275081,
65,同行PE_标准差,22,0.5865102639296188,63.663023193814944,0.04772994718183477,弱,-0.01707914280699115,98.2200647249191,
66,营收_加速,22,0.5865102639296188,64.24953345774456,0.04314045609197213,弱,0.0032043549424165957,85.43689320388349,🆕
67,同行PE_均值,22,0.5865102639296188,64.83604372167419,0.015741773167569775,极弱,-0.01922756363647788,98.2200647249191,
68,行业波动率_20d,22,0.5865102639296188,65.42255398560381,0.040377935591026676,弱,0.0210793025912461,99.02912621359224,
69,报价日价格_excel,21,0.5598507064782724,65.98240469208208,0.17528109600399613,中等,-0.1022057620064169,99.51456310679612,
70,行业PB_120d增长,21,0.5598507064782724,66.54225539856036,0.07190523765636062,弱,-0.07864751477132761,31.22977346278317,🆕
71,波动率,21,0.5598507064782724,67.10210610503863,0.05826526837474854,弱,-0.07844516537984221,99.67637540453075,
72,行业年化收益_250d,21,0.5598507064782724,67.6619568115169,0.04864369511671038,弱,0.070176405774384,99.02912621359224,
73,营收_CAGR2,20,0.5331911490269262,68.19514796054382,0.062421977023717004,弱,0.003293172807564755,85.51779935275081,🆕
74,PS_vs_同行均值,20,0.5331911490269262,68.72833910957074,0.05322970691515864,弱,-0.033508777598276536,98.54368932038835,🆕
75,资本支出_YoY,20,0.5331911490269262,69.26153025859766,0.04888887739939788,弱,0.028122762132547066,85.43689320388349,🆕
76,总分_T-1,20,0.5331911490269262,69.79472140762458,0.02119551566228489,弱,-0.06790043191362513,96.35922330097088,
77,胜率_120d,19,0.5065315915755798,70.30125299920016,0.03281976719768745,弱,-0.003500164289865871,99.67637540453075,
78,资本支出_T3,19,0.5065315915755798,70.80778459077574,0.046487016697445836,弱,-0.034332902862188944,85.43689320388349,
79,成长能力_T-4,18,0.4798720341242335,71.28765662489997,0.026609200991932626,弱,0.05479571796341083,96.27831715210357,
80,行业波动率_120d,18,0.4798720341242335,71.7675286590242,0.041439284457443805,弱,0.07184147047467382,99.02912621359224,
81,净利润_fcf_T4,18,0.4798720341242335,72.24740069314842,0.055824704316961515,弱,0.009917633055121219,85.19417475728154,
82,行业MA250,18,0.4798720341242335,72.72727272727265,0.027177490681104387,弱,-0.04475281044500107,99.02912621359224,
83,成长能力_delta_4y,17,0.4532124766728872,73.18048520394554,0.010984753971036907,极弱,-0.00559197974915103,96.27831715210357,🆕
84,行业胜率_250d,17,0.4532124766728872,73.63369768061843,0.01773656628425957,极弱,0.03240808903001441,99.02912621359224,
85,净利润_fcf_T1,17,0.4532124766728872,74.08691015729131,0.029516801432430947,弱,0.019699779656455765,85.51779935275081,
86,盈利能力_T-1,17,0.4532124766728872,74.5401226339642,0.026634300827114002,弱,-0.054278760319597545,96.35922330097088,
87,行业PB_250d增长,17,0.4532124766728872,74.99333511063709,0.03013295793873902,弱,-0.08566797006156798,25.64724919093851,🆕
88,FCF_margin,17,0.4532124766728872,75.44654758730998,0.033185761035965725,弱,-0.04573184783565733,85.51779935275081,🆕
89,年化收益_60d,17,0.4532124766728872,75.89976006398287,0.030924836598487642,弱,-0.06352988635751125,99.67637540453075,
90,PB_vs_行业,17,0.4532124766728872,76.35297254065576,0.08867200005509845,弱,-0.06229578456484553,98.86731391585761,🆕
91,漂移率,17,0.4532124766728872,76.80618501732864,0.03575551290963324,弱,-0.05883220885810636,99.67637540453075,
92,资本支出_CAGR2,16,0.4265529192215409,77.23273793655018,0.015292582252944728,极弱,0.030395445226141852,85.35598705501619,🆕
93,胜率_250d,15,0.39989336177019463,77.63263129832038,0.041088339126526444,弱,0.014780886462435054,95.55016181229773,
94,波动率_20d,15,0.39989336177019463,78.03252466009057,0.07549679625469338,弱,-0.08320256990954028,99.67637540453075,
95,MA250,15,0.39989336177019463,78.43241802186077,0.15748429383780868,中等,-0.11149753305538639,95.55016181229773,
96,总分_T-3,15,0.39989336177019463,78.83231138363097,0.0135010013790153,极弱,0.024040985414264825,96.35922330097088,
97,邀请日,15,0.39989336177019463,79.23220474540116,0.12349081054956262,中等,-0.04363167612315423,91.8284789644013,
98,同行PB_均值,15,0.39989336177019463,79.63209810717136,0.0526950090624684,弱,-0.030842158626048784,98.54368932038835,
99,营收_T,15,0.39989336177019463,80.03199146894156,0.01911287296817895,极弱,-0.025211433493517378,85.51779935275081,
100,营收_T2,15,0.39989336177019463,80.43188483071175,0.034083614469759806,弱,-0.01981546943557131,85.51779935275081,
101,营业利润_T4,14,0.37323380431884834,80.8051186350306,0.10118196238970682,中等,-0.0018645235831869886,85.19417475728154,
102,FCF_YoY,14,0.37323380431884834,81.17835243934944,0.03311286941797001,弱,-0.02088673609892568,85.51779935275081,🆕
103,市场年化收益_120d,14,0.37323380431884834,81.55158624366828,0.05192251616770199,弱,0.02889885555142873,99.59546925566343,🆕
104,盈利能力_delta_4y,14,0.37323380431884834,81.92482004798713,0.030120479242618698,弱,0.014339673592483324,96.27831715210357,🆕
105,折旧_T,14,0.37323380431884834,82.29805385230597,0.03478027748594964,弱,0.009421894745772432,85.43689320388349,
106,行业胜率_60d,13,0.34657424686750204,82.64462809917347,0.07172881652347508,弱,0.1083836437584927,99.02912621359224,
107,资本支出_加速,13,0.34657424686750204,82.99120234604098,0.021205128731695447,弱,-0.0316758952337356,85.27508090614887,🆕
108,营业利润_T,13,0.34657424686750204,83.33777659290848,0.035124784870049545,弱,0.006584924050170171,85.51779935275081,
109,同行PB_中位,13,0.34657424686750204,83.68435083977599,0.06733063767277993,弱,-0.02988795688336751,98.54368932038835,
110,总分_T,13,0.34657424686750204,84.03092508664349,0.04065882767699292,弱,0.05759383258771985,96.35922330097088,
111,盈利能力_T-4,13,0.34657424686750204,84.377499333511,0.030384500429051588,弱,0.0352946100455631,96.27831715210357,
112,vol_ratio_20_60,13,0.34657424686750204,84.7240735803785,0.024674066091378805,弱,-0.030645866239993637,99.67637540453075,🆕
113,MA60,13,0.34657424686750204,85.070647827246,0.13523940910710303,中等,-0.09643424823513314,99.67637540453075,
114,胜率_60d,13,0.34657424686750204,85.41722207411351,0.02557480122492188,弱,0.005751612192031652,99.67637540453075,
115,中位价,13,0.34657424686750204,85.76379632098102,0.1226699126551728,中等,-0.10867863994954642,91.8284789644013,
116,FCF_T4,12,0.3199146894161557,86.08371101039717,0.0364793439736734,弱,-0.03533662536652751,85.19417475728154,
117,营收_T4,12,0.3199146894161557,86.40362569981332,0.05919712921753663,弱,-0.019735899505637398,85.19417475728154,
118,资本支出_T2,12,0.3199146894161557,86.72354038922947,0.029011933860454666,弱,-0.030895521208226126,85.51779935275081,
119,成长能力_T,12,0.3199146894161557,87.04345507864562,0.021661118534762623,弱,0.05748458650223888,96.35922330097088,
120,NOPAT_YoY,12,0.3199146894161557,87.36336976806177,0.03958610548540298,弱,0.046523875200113675,85.51779935275081,🆕
121,净利润_fcf_CAGR2,12,0.3199146894161557,87.68328445747792,0.05669101240497933,弱,-0.07303869032925657,72.57281553398059,🆕
122,总分_delta_4y,12,0.3199146894161557,88.00319914689408,0.022606109746590143,弱,0.013952828903635703,96.27831715210357,🆕
123,资本支出_T1,12,0.3199146894161557,88.32311383631023,0.02508246216683439,弱,-0.015767890497130198,85.51779935275081,
124,区间收益_120d,11,0.2932551319648094,88.61636896827504,0.07237457720147782,弱,-0.07903166659013205,99.67637540453075,
125,波动率_120d,11,0.2932551319648094,88.90962410023985,0.03378689141984073,弱,-0.06274268032094268,99.67637540453075,
126,区间收益_20d,11,0.2932551319648094,89.20287923220467,0.052808308069247606,弱,-0.07443164072559938,99.67637540453075,
127,个股PE,11,0.2932551319648094,89.49613436416948,0.04577217406168532,弱,-0.04014939058796595,98.62459546925567,
128,行业MA120,11,0.2932551319648094,89.78938949613429,0.03992961172054541,弱,-0.04326664528193152,99.02912621359224,
129,FCF_T,11,0.2932551319648094,90.0826446280991,0.02348025274340457,弱,0.006778473140976642,85.51779935275081,
130,行业区间收益_20d,10,0.2665955745134631,90.34924020261256,0.09067400049999788,弱,0.10867007231309142,99.02912621359224,
131,折旧_T4,10,0.2665955745134631,90.61583577712602,0.03992348304616532,弱,0.009497763784411958,85.19417475728154,
132,当前价,10,0.2665955745134631,90.88243135163948,0.16575036230249984,中等,-0.10262399770596059,99.67637540453075,
133,均价_all,9,0.23993601706211676,91.1223673687016,0.13858859143998997,中等,-0.10378270073934828,91.8284789644013,
134,NOPAT_加速,9,0.23993601706211676,91.36230338576372,0.0370918441979943,弱,0.030392357929081612,85.51779935275081,🆕
135,FCF_conversion,9,0.23993601706211676,91.60223940282584,0.020439678959295233,弱,-0.019125237608515814,85.51779935275081,🆕
136,盈利能力_斜率,9,0.23993601706211676,91.84217541988797,0.0068702367531495705,极弱,-0.025127972474848423,96.35922330097088,
137,PE_vs_同行中位,9,0.23993601706211676,92.08211143695009,0.0304068025379071,弱,-0.0399513100652196,97.89644012944983,🆕
138,营业利润_T2,9,0.23993601706211676,92.3220474540122,0.03819479628952499,弱,-0.0019366451831471765,85.51779935275081,
139,总分_斜率,9,0.23993601706211676,92.56198347107433,0.021792304908343062,弱,-0.02291163165212805,96.35922330097088,
140,NOPAT_3年斜率,8,0.21327645961077046,92.7752599306851,0.080286644016648,弱,-0.02096750753352995,85.51779935275081,
141,行业区间收益_60d,8,0.21327645961077046,92.98853639029586,0.06787963681249348,弱,0.09481999606967219,99.02912621359224,
142,净利润_fcf_YoY,8,0.21327645961077046,93.20181284990663,0.04342090979810431,弱,0.03056951099151852,85.51779935275081,🆕
143,行业总天数,8,0.21327645961077046,93.4150893095174,0.043077868247666094,弱,-0.018236880276172745,99.02912621359224,
144,总分_delta_2y,8,0.21327645961077046,93.62836576912817,0.04288739940541422,弱,0.08531647383402305,96.35922330097088,🆕
145,FCF_3年斜率,8,0.21327645961077046,93.84164222873893,0.03995176902831518,弱,0.00010089496452438465,85.51779935275081,
146,净利润_fcf_T2,7,0.18661690215942417,94.02825913089836,0.044866430657560505,弱,0.010323226441458729,85.51779935275081,
147,净利润_fcf_T3,7,0.18661690215942417,94.21487603305779,0.023033979209080003,弱,0.007220887533868793,85.43689320388349,
148,营业利润_CAGR2,7,0.18661690215942417,94.40149293521722,0.07672109328041375,弱,-0.08581329935127135,71.03559870550163,🆕
149,行业级别,7,0.18661690215942417,94.58810983737665,0.03408325045764234,弱,-0.03143794855128609,99.02912621359224,
150,净利润_fcf_T,7,0.18661690215942417,94.77472673953608,0.03376825804203513,弱,0.01776061381864261,85.51779935275081,
151,NOPAT_margin,7,0.18661690215942417,94.9613436416955,0.031012929976614888,弱,-0.057802435236377736,85.51779935275081,🆕
152,行业MA60,7,0.18661690215942417,95.14796054385494,0.04962208354679747,弱,-0.043166075719066284,99.02912621359224,
153,净利润_fcf_加速,7,0.18661690215942417,95.33457744601436,0.019376613770351877,极弱,0.04664064100681467,85.51779935275081,🆕
154,行业PE_250d增长,7,0.18661690215942417,95.5211943481738,0.020763966907330605,弱,-0.06990537205170766,25.64724919093851,🆕
155,PB_vs_同行中位,6,0.15995734470807785,95.68115169288187,0.09659262990537827,弱,-0.04971805901985793,98.38187702265373,🆕
156,成长能力_T-3,6,0.15995734470807785,95.84110903758994,0.006532071836575798,极弱,0.008554618559283526,96.35922330097088,
157,成长能力_斜率,6,0.15995734470807785,96.00106638229802,0.019744734325752016,极弱,-0.03044427786014821,96.35922330097088,
158,NOPAT_T4,6,0.15995734470807785,96.1610237270061,0.10118196238970682,中等,-0.001852811161234061,85.19417475728154,
159,营业利润_T3,6,0.15995734470807785,96.32098107171417,0.0280506722439784,弱,-0.009380316124832755,85.43689320388349,
160,行业区间收益_120d,6,0.15995734470807785,96.48093841642225,0.03210781894425241,弱,0.05360767144693335,99.02912621359224,
161,行业波动率_总,6,0.15995734470807785,96.64089576113032,0.050838837976022365,弱,0.03800267493902253,99.02912621359224,
162,营收_T3,6,0.15995734470807785,96.8008531058384,0.021559520190162912,弱,-0.023580787159762483,85.43689320388349,
163,折旧_T2,6,0.15995734470807785,96.96081045054648,0.04159673716885586,弱,0.011442902853065262,85.51779935275081,
164,行业胜率_20d,5,0.13329778725673155,97.09410823780321,0.031346412381501695,弱,0.0767809765578353,99.02912621359224,
165,子场景通过数,5,0.13329778725673155,97.22740602505995,0.0019052653222957846,极弱,0.0023393859189543634,100.0,
166,溢价率上限_excel,5,0.13329778725673155,97.36070381231669,0.011819232542616142,极弱,0.05107679827338688,84.78964401294499,
167,MA20,5,0.13329778725673155,97.49400159957342,0.1429633515427481,中等,-0.09841353925749416,99.67637540453075,
168,营业利润_T1,5,0.13329778725673155,97.62729938683016,0.05622819832474293,弱,0.007688700207936034,85.51779935275081,
169,盈利能力_T-2,5,0.13329778725673155,97.7605971740869,0.01110274344079653,极弱,-0.00033585767381039133,96.35922330097088,
170,资本支出_T,5,0.13329778725673155,97.89389496134363,0.029518541556527087,弱,-0.023055616874285555,85.51779935275081,
171,溢价率上限,5,0.13329778725673155,98.02719274860037,0.01732176757530641,极弱,0.04886074698296402,85.84142394822007,
172,行业漂移率,5,0.13329778725673155,98.16049053585711,0.06787963681249348,弱,0.09482479680257958,99.02912621359224,
173,行业MA20,5,0.13329778725673155,98.29378832311384,0.03533991802646198,弱,-0.03746439606174482,99.02912621359224,
174,MA30,4,0.10663822980538523,98.40042655291923,0.14576719013591427,中等,-0.09489865379970268,91.8284789644013,
175,折旧_T1,4,0.10663822980538523,98.50706478272461,0.06064271071100552,弱,0.009885844999480241,85.51779935275081,
176,行业区间收益_250d,4,0.10663822980538523,98.61370301253,0.04864369511671038,弱,0.070176405774384,99.02912621359224,
177,营业利润_YoY,4,0.10663822980538523,98.72034124233538,0.03958610548540298,弱,0.046523875200113675,85.51779935275081,🆕
178,DCF估值_通过,3,0.07997867235403892,98.80031991468942,0.0,极弱,0.020929377389502152,100.0,
179,胜率_20d,3,0.07997867235403892,98.88029858704347,0.024092170291832443,弱,-0.04369294891917862,99.67637540453075,
180,区间收益_250d,3,0.07997867235403892,98.96027725939751,0.04031385252816886,弱,-0.07606868324278719,94.90291262135922,
181,个股PE_通过,3,0.07997867235403892,99.04025593175156,0.0,极弱,-0.01081207918222668,100.0,
182,FCF_CAGR2,3,0.07997867235403892,99.1202346041056,0.016623379503221014,极弱,-0.018226864059000106,47.0873786407767,🆕
183,报价日价格,3,0.07997867235403892,99.20021327645965,0.17528109600399613,中等,-0.10279973705194907,99.59546925566343,
184,行业PE_120d增长,3,0.07997867235403892,99.2801919488137,0.05605043371887987,弱,-0.036859174681108595,31.22977346278317,🆕
185,FCF年份_T,3,0.07997867235403892,99.36017062116774,0.1972884475990379,中等,-0.024967040248472804,85.51779935275081,
186,行业PB_60d增长,3,0.07997867235403892,99.44014929352178,0.038434929192702166,弱,-0.00013251113647511602,34.06148867313916,🆕
187,NOPAT_T,3,0.07997867235403892,99.52012796587583,0.035124784870049545,弱,0.0065714893067601,85.51779935275081,
188,step2通过,2,0.053319114902692616,99.57344708077852,0.0,极弱,0.04954208349182826,100.0,
189,报价日MA20,2,0.053319114902692616,99.62676619568121,0.16351916261284877,中等,-0.10376713967886042,99.59546925566343,
190,营业利润_加速,2,0.053319114902692616,99.6800853105839,0.0370918441979943,弱,0.030392357929081612,85.51779935275081,🆕
191,折旧_T3,2,0.053319114902692616,99.7334044254866,0.056139540939924876,弱,0.004663012430372161,85.35598705501619,
192,行业PE_60d增长,1,0.026659557451346308,99.76006398293795,0.03849875546935819,弱,-0.019600325096378393,34.06148867313916,🆕
193,step1通过,1,0.026659557451346308,99.7867235403893,0.0,极弱,-0.015661915677900904,100.0,
194,有效阈值数,1,0.026659557451346308,99.81338309784066,0.000715114330911438,极弱,0.004725270195487293,99.67637540453075,
195,锁定价当前价,1,0.026659557451346308,99.84004265529201,0.17528109600399613,中等,-0.10279973705194907,99.59546925566343,
196,最新交易日,1,0.026659557451346308,99.86670221274336,0.12349081054956262,中等,-0.04352040635592158,91.8284789644013,
197,行业PE_通过,1,0.026659557451346308,99.89336177019472,0.0,极弱,-0.008947512680195766,100.0,
198,修正PE估值_通过,1,0.026659557451346308,99.92002132764607,0.0,极弱,0.030188350695878996,100.0,
199,NOPAT_T1,1,0.026659557451346308,99.94668088509742,0.05622819832474293,弱,0.0076795992020337375,85.51779935275081,
200,蒙特卡洛_通过,1,0.026659557451346308,99.97334044254877,0.0,极弱,-0.02945872689269945,100.0,
201,NOPAT_T3,1,0.026659557451346308,100.00000000000013,0.0280506722439784,弱,-0.009366767842549969,85.43689320388349,
202,评级_T-4,0,0.0,100.00000000000013,,无法计算,,0.0,
203,评级_T-1,0,0.0,100.00000000000013,,无法计算,,0.0,
204,评级_T-3,0,0.0,100.00000000000013,,无法计算,,0.0,
205,评级_T,0,0.0,100.00000000000013,,无法计算,,0.0,
206,市场_above_MA250,0,0.0,100.00000000000013,0.0,极弱,0.08243329958934312,99.59546925566343,🆕
207,营运资金变动_T4,0,0.0,100.00000000000013,,无法计算,,85.19417475728154,
208,评级_T-2,0,0.0,100.00000000000013,,无法计算,,0.0,
209,总资产净利率,0,0.0,100.00000000000013,0.00509026579750299,极弱,0.03503235524314638,0.40453074433656955,
210,ROE,0,0.0,100.00000000000013,0.00509026579750299,极弱,0.008705907623390999,0.40453074433656955,
211,ROE摊薄,0,0.0,100.00000000000013,0.00509026579750299,极弱,0.01438783689433041,0.40453074433656955,
212,现金流动负债比,0,0.0,100.00000000000013,0.00010005856602241699,极弱,-0.04170766063887288,0.40453074433656955,
213,现金利息负债比,0,0.0,100.00000000000013,0.00010005856602241699,极弱,0.0023639178001439477,0.40453074433656955,
214,净利率,0,0.0,100.00000000000013,0.012967290069900713,极弱,0.040800035420126154,0.40453074433656955,
215,毛利率,0,0.0,100.00000000000013,0.00010005856602241699,极弱,0.013372912676024844,0.40453074433656955,
216,FCF年份_T4,0,0.0,100.00000000000013,0.19642348429877576,中等,-0.021523048435735624,85.19417475728154,
217,财报年份,0,0.0,100.00000000000013,0.0,极弱,-0.004988748747633047,0.40453074433656955,
218,流动比率,0,0.0,100.00000000000013,0.00010005856602241699,极弱,0.009425265342346898,0.40453074433656955,
219,速动比率,0,0.0,100.00000000000013,0.00010005856602241699,极弱,-0.01707799901997246,0.40453074433656955,
220,存货周转率,0,0.0,100.00000000000013,0.00010005856602241699,极弱,-0.01590758621582775,0.40453074433656955,
221,应收账款周转率,0,0.0,100.00000000000013,0.00010005856602241699,极弱,0.0046149152898655975,0.40453074433656955,
222,流动资产周转率,0,0.0,100.00000000000013,0.00010005856602241699,极弱,-0.017294625930802825,0.40453074433656955,
223,总资产周转率,0,0.0,100.00000000000013,0.00010005856602241699,极弱,-0.009636349595543915,0.40453074433656955,
224,ROA,0,0.0,100.00000000000013,0.00509026579750299,极弱,0.028576518398028425,0.40453074433656955,
225,ROE增长,0,0.0,100.00000000000013,0.012967290069900713,极弱,0.030001380117220037,0.40453074433656955,
226,总营收增长,0,0.0,100.00000000000013,0.012967290069900713,极弱,0.03254097285222901,0.40453074433656955,
227,营收增长2,0,0.0,100.00000000000013,0.012967290069900713,极弱,0.03254097285222901,0.40453074433656955,
228,净资产增长,0,0.0,100.00000000000013,0.00010005856602241699,极弱,0.0047513895469873495,0.40453074433656955,
229,report_year,0,0.0,100.00000000000013,,无法计算,,0.40453074433656955,
230,总资产,0,0.0,100.00000000000013,0.00010005856602241699,极弱,0.005005429950452681,0.40453074433656955,
231,流动资产,0,0.0,100.00000000000013,0.00010005856602241699,极弱,0.005517036144724263,0.40453074433656955,
232,非流动资产,0,0.0,100.00000000000013,,无法计算,,0.0,
233,总负债,0,0.0,100.00000000000013,0.00010005856602241699,极弱,0.005886363361660471,0.40453074433656955,
234,流动负债,0,0.0,100.00000000000013,0.00010005856602241699,极弱,0.0053879894790056886,0.40453074433656955,
235,非流动负债,0,0.0,100.00000000000013,,无法计算,,0.0,
236,股东权益,0,0.0,100.00000000000013,0.00010005856602241699,极弱,0.0013971246204777625,0.40453074433656955,
237,货币资金,0,0.0,100.00000000000013,0.00010005856602241699,极弱,0.004682255831626483,0.40453074433656955,
238,存货,0,0.0,100.00000000000013,0.00509026579750299,极弱,0.03117352510462591,0.40453074433656955,
239,应收账款,0,0.0,100.00000000000013,0.00010005856602241699,极弱,0.002732355046219572,0.40453074433656955,
240,商誉,0,0.0,100.00000000000013,0.00010005856602241699,极弱,0.004000572860699589,0.40453074433656955,
241,无形资产,0,0.0,100.00000000000013,,无法计算,,0.0,
242,固定资产,0,0.0,100.00000000000013,0.00010005856602241699,极弱,0.0017133790297995492,0.40453074433656955,
243,总股本,0,0.0,100.00000000000013,0.00010005856602241699,极弱,-0.008680626961930504,0.40453074433656955,
244,短期借款,0,0.0,100.00000000000013,0.00010005856602241699,极弱,0.015632411364284844,0.40453074433656955,
245,长期借款,0,0.0,100.00000000000013,0.00010005856602241699,极弱,0.002708681155907968,0.40453074433656955,
246,应付债券,0,0.0,100.00000000000013,0.00010005856602241699,极弱,-0.028661562415481776,0.3236245954692557,
247,资产负债比,0,0.0,100.00000000000013,0.00010005856602241699,极弱,-0.006206485498722776,0.40453074433656955,
248,资产负债率,0,0.0,100.00000000000013,0.00509026579750299,极弱,0.004569743380630317,0.40453074433656955,
249,利息资本化率,0,0.0,100.00000000000013,0.00010005856602241699,极弱,0.028900739710305004,0.40453074433656955,
250,产权比率,0,0.0,100.00000000000013,0.00509026579750299,极弱,0.01611605226455745,0.40453074433656955,
251,已获利息倍数,0,0.0,100.00000000000013,0.00509026579750299,极弱,0.02245055495681771,0.40453074433656955,
252,研发费用率,0,0.0,100.00000000000013,0.00509026579750299,极弱,0.03654225374915193,0.40453074433656955,
253,营收增长,0,0.0,100.00000000000013,0.00509026579750299,极弱,0.007161888447650871,0.40453074433656955,
254,利润增长,0,0.0,100.00000000000013,0.00509026579750299,极弱,0.008380565627978101,0.40453074433656955,
255,净利增长,0,0.0,100.00000000000013,0.012967290069900713,极弱,0.04237024603213228,0.40453074433656955,
256,扣非净利增长,0,0.0,100.00000000000013,0.012967290069900713,极弱,0.0452003701693272,0.40453074433656955,
257,归母净利润,0,0.0,100.00000000000013,0.00010005856602241699,极弱,0.0069765634000874335,0.40453074433656955,
258,净利润_y,0,0.0,100.00000000000013,0.00010005856602241699,极弱,0.0068279358839441785,0.40453074433656955,
259,利润总额,0,0.0,100.00000000000013,0.00010005856602241699,极弱,0.006661809074206448,0.40453074433656955,
260,营业利润,0,0.0,100.00000000000013,0.00010005856602241699,极弱,0.006651759881327105,0.40453074433656955,
261,营业收入,0,0.0,100.00000000000013,0.00010005856602241699,极弱,0.005550274499922354,0.40453074433656955,
262,营业总收入,0,0.0,100.00000000000013,0.00010005856602241699,极弱,0.005550274499922354,0.40453074433656955,
263,无形资产占比,0,0.0,100.00000000000013,,无法计算,,0.0,
264,商誉占总资产比,0,0.0,100.00000000000013,0.00010005856602241699,极弱,-0.018945688009472304,0.40453074433656955,
265,流动比率_bs,0,0.0,100.00000000000013,0.00010005856602241699,极弱,0.000767517770490448,0.40453074433656955,
266,营业利润率_is,0,0.0,100.00000000000013,0.012967290069900713,极弱,0.04898328943164935,0.40453074433656955,
267,fin_exp,0,0.0,100.00000000000013,0.012967290069900713,极弱,0.0066650697369066425,0.40453074433656955,
268,sell_exp,0,0.0,100.00000000000013,,无法计算,,0.0,
269,基本EPS,0,0.0,100.00000000000013,,无法计算,,0.0,
270,EBIT,0,0.0,100.00000000000013,,无法计算,,0.0,
271,EBITDA,0,0.0,100.00000000000013,,无法计算,,0.0,
272,admin_exp,0,0.0,100.00000000000013,0.00010005856602241699,极弱,0.004239612384351124,0.40453074433656955,
273,FCF年份_T2,0,0.0,100.00000000000013,0.1972884475990379,中等,-0.024967040248472804,85.51779935275081,
274,营运资金变动_T3,0,0.0,100.00000000000013,,无法计算,,85.43689320388349,
275,FCF年份_T3,0,0.0,100.00000000000013,0.19567345452218698,中等,-0.0235295770538024,85.43689320388349,
276,营运资金变动_T,0,0.0,100.00000000000013,,无法计算,,85.51779935275081,
277,营运资金变动_T1,0,0.0,100.00000000000013,,无法计算,,85.51779935275081,
278,FCF年份_T1,0,0.0,100.00000000000013,0.1972884475990379,中等,-0.024967040248472804,85.51779935275081,
279,sw_l3_code,0,0.0,100.00000000000013,,无法计算,,0.0,
280,sw_l3_name,0,0.0,100.00000000000013,,无法计算,,0.0,
281,经营现金流,0,0.0,100.00000000000013,0.00010005856602241699,极弱,0.0033754394037944016,0.40453074433656955,
282,净利润率_is,0,0.0,100.00000000000013,0.012967290069900713,极弱,0.0469041022375482,0.40453074433656955,
283,管理费用率,0,0.0,100.00000000000013,0.0035794817075364615,极弱,-0.04604101177553294,0.40453074433656955,
284,销售费用率,0,0.0,100.00000000000013,,无法计算,,0.0,
285,研发费用率_is,0,0.0,100.00000000000013,0.00509026579750299,极弱,0.021778580515565683,0.40453074433656955,
286,NOPAT_T2,0,0.0,100.00000000000013,0.037420110454592516,弱,-0.0019501176319370113,85.51779935275081,
287,营运资金变动_T2,0,0.0,100.00000000000013,,无法计算,,85.51779935275081,
288,rd_exp,0,0.0,100.00000000000013,0.00010005856602241699,极弱,0.005058883932251283,0.40453074433656955,
289,sw_l1_name,0,0.0,100.00000000000013,,无法计算,,0.0,
290,sw_l1_code,0,0.0,100.00000000000013,,无法计算,,0.0,
291,net_profit,0,0.0,100.00000000000013,,无法计算,,0.0,
292,筹资活动现金流,0,0.0,100.00000000000013,,无法计算,,0.0,
293,投资活动现金流,0,0.0,100.00000000000013,,无法计算,,0.0,
294,经营活动现金流小计,0,0.0,100.00000000000013,,无法计算,,0.0,
295,投资现金流,0,0.0,100.00000000000013,,无法计算,,0.0,
296,sw_l2_name,0,0.0,100.00000000000013,,无法计算,,0.0,
297,溢价率,0,0.0,100.00000000000013,,无法计算,,99.67637540453075,
298,无风险利率,0,0.0,100.00000000000013,,无法计算,,99.67637540453075,
299,净资产负债表,0,0.0,100.00000000000013,,无法计算,,14.320388349514563,
300,净债务,0,0.0,100.00000000000013,,无法计算,,14.320388349514563,
301,sw_l2_code,0,0.0,100.00000000000013,,无法计算,,0.0,
302,step3通过,0,0.0,100.00000000000013,0.0,极弱,-0.012128092500261983,100.0,
303,融资金额,0,0.0,100.00000000000013,,无法计算,,99.67637540453075,
304,锁定期,0,0.0,100.00000000000013,,无法计算,,99.67637540453075,
305,溢价率下限,0,0.0,100.00000000000013,,无法计算,,85.84142394822007,
306,Beta,0,0.0,100.00000000000013,,无法计算,,14.320388349514563,
307,营业利润率,0,0.0,100.00000000000013,,无法计算,,14.320388349514563,
308,营收增长率,0,0.0,100.00000000000013,,无法计算,,14.320388349514563,
309,参数构造_通过,0,0.0,100.00000000000013,0.0,极弱,-0.01743767281647307,100.0,
310,反向推算_通过,0,0.0,100.00000000000013,0.0,极弱,-0.018865997055164868,100.0,
311,行业PS,0,0.0,100.00000000000013,,无法计算,,0.0,
312,行情_时间匹配,0,0.0,100.00000000000013,0.0,极弱,-0.03346750638398541,100.0,
313,有效阈值数_excel,0,0.0,100.00000000000013,0.000458265566595381,极弱,0.004765396684002535,98.2200647249191,
314,定增建议参与,0,0.0,100.00000000000013,0.0,极弱,0.019859415075787763,100.0,
315,溢价率下限_excel,0,0.0,100.00000000000013,,无法计算,,84.78964401294499,
316,总分_趋势,0,0.0,100.00000000000013,,无法计算,,0.0,
317,成长能力_趋势,0,0.0,100.00000000000013,,无法计算,,0.0,
318,盈利能力_趋势,0,0.0,100.00000000000013,,无法计算,,0.0,
319,市场指数_通过,0,0.0,100.00000000000013,0.0,极弱,0.029373991626893213,100.0,
320,综合趋势,0,0.0,100.00000000000013,,无法计算,,0.0,
